first_name,second_name
David,Ospina
Petr,Cech
Per,Mertesacker
Héctor,Bellerín
Nacho,Monreal
Calum,Chambers
Alexis,Sánchez
Theo,Walcott
Aaron,Ramsey
Alex,Iwobi
Granit,Xhaka
Olivier,Giroud
Danny,Welbeck
Artur,Boruc
Simon,Francis
Steve,Cook
Charlie,Daniels
Tyrone,Mings
Nathan,Aké
Marc,Pugh
Andrew,Surman
Dan,Gosling
Jordon,Ibe
Lewis,Cook
Joshua,King
Lys,Mousset
Tom,Heaton
Matthew,Lowton
Stephen,Ward
Michael,Keane
James,Tarkowski
Sam,Vokes
Andre,Gray
Thibaut,Courtois
Asmir,Begovic
César,Azpilicueta
Gary,Cahill
Kurt,Zouma
Cesc,Fàbregas
Willian,Borges Da Silva
Nemanja,Matic
Ruben,Loftus-Cheek
Pedro,Rodríguez Ledesma
N'Golo,Kanté
Julian,Speroni
Wayne,Hennessey
James,Tomkins
Martin,Kelly
Damien,Delaney
Wilfried,Zaha
James,McArthur
Chung-yong,Lee
Yohan,Cabaye
Joel,Robles
Leighton,Baines
Phil,Jagielka
John,Stones
Ross,Barkley
Oumar,Niasse
Eldin,Jakupovic
Andrew,Robertson
Harry,Maguire
Sam,Clucas
Jake,Livermore
Wes,Morgan
Christian,Fuchs
Jeffrey,Schlupp
Danny,Simpson
Yohan,Benalouane
Riyad,Mahrez
Andy,King
Demarai,Gray
Leonardo,Ulloa
Simon,Mignolet
Loris,Karius
Dejan,Lovren
Alberto,Moreno
Nathaniel,Clyne
Bradley,Smith
Joe,Allen
Adam,Lallana
James,Milner
Roberto,Firmino
Christian,Benteke
Daniel,Sturridge
Willy,Caballero
Pablo,Zabaleta
Vincent,Kompany
Nicolás,Otamendi
Fabian,Delph
Raheem,Sterling
David,Silva
Gnegneri Yaya,Touré
Fernando,Luiz Rosa
Kevin,De Bruyne
Kelechi,Iheanacho
Sergio,Romero
Phil,Jones
Antonio,Valencia
Matteo,Darmian
Timothy,Fosu-Mensah
Daley,Blind
Eric,Bailly
Juan,Mata
Michael,Carrick
Ander,Herrera
Morgan,Schneiderlin
Jesse,Lingard
Anthony,Martial
Henrikh,Mkhitaryan
Marcus,Rashford
Fraser,Forster
Ryan,Bertrand
Maya,Yoshida
Cédric,Soares
Cuco,Martina
Nathan,Redmond
James,Ward-Prowse
Dusan,Tadic
Oriol,Romeu Vidal
Jay,Rodriguez
Pierre-Emile,Højbjerg
Charlie,Austin
Jack,Butland
Ryan,Shawcross
Geoff,Cameron
Erik,Pieters
Phil,Bardsley
Glen,Johnson
Charlie,Adam
Marko,Arnautovic
Xherdan,Shaqiri
Peter,Crouch
Mame Biram,Diouf
Jordan,Pickford
Patrick,van Aanholt
Jermain,Defoe
Lukasz,Fabianski
Kristoffer,Nordfeldt
Kyle,Naughton
Ashley,Williams
Angel,Rangel
Federico,Fernández
Mike,van der Hoorn
Jack,Cork
Wayne,Routledge
Leon,Britton
Sung-yueng,Ki
André,Ayew
Hugo,Lloris
Michel,Vorm
Toby,Alderweireld
Kyle,Walker
Jan,Vertonghen
Ben,Davies
Kevin,Wimmer
Eric,Dier
Nacer,Chadli
Christian,Eriksen
Tom,Carroll
Bamidele,Alli
Victor,Wanyama
Harry,Kane
Heurelho,Gomes
José,Holebas
Allan-Roméo,Nyom
Troy,Deeney
Boaz,Myhill
Ben,Foster
Jonny,Evans
Craig,Dawson
Gareth,McAuley
Chris,Brunt
Darren,Fletcher
Claudio,Yacob
James,McClean
Jonathan,Leko
Matt,Phillips
Saido,Berahino
Salomón,Rondón
Adrián,San Miguel del Castillo
James,Collins
Aaron,Cresswell
Angelo,Ogbonna
Manuel,Lanzini
Josh,Cullen
Nick,Pope
Johann Berg,Gudmundsson
Ragnar,Klavan
Abdoulaye,Doucouré
Rob,Holding
Georginio,Wijnaldum
Ramadan,Sobhi
Idrissa,Gueye
Jérémy,Pied
Paul,Pogba
Jack,Stephens
Arthur,Masuaku
Sam,Field
Tom,Davies
Trent,Alexander-Arnold
Nathaniel,Chalobah
Ryan,Fraser
Javier,Manquillo
Daryl,Janmaat
Edimilson,Fernandes
Sofiane,Boufal
Adrian,Mariappa
Alfie,Mawson
Didier,Ndong
Jeff,Hendrick
Marcos,Alonso
Georges-Kévin,Nkoudou
Moussa,Sissoko
Lee,Grant
Ben,Hamer
Dominic,Solanke
Sam,McQueen
Ainsley,Maitland-Niles
Kevin,Long
Stuart,Taylor
Joshua,Sims
Oluwatosin,Adarabioyo
Domingos,Quina
Aaron,Wan-Bissaka
Rekeem,Harper
Jonjoe,Kenny
Declan,Rice
Carl,Stewart
Luciano,Narsingh
Martin,Olsson
Ashley,Westwood
Jordan,Ayew
Manolo,Gabbiadini
Luka,Milivojevic
Thomas,Edwards
Connor,Roberts
Matt,Macey
Joel Dinis,Castro Pereira
Scott,McTominay
Petr,Cech
Nacho,Monreal
Shkodran,Mustafi
Sead,Kolasinac
Aaron,Ramsey
Alex,Iwobi
Granit,Xhaka
Jack,Wilshere
Danny,Welbeck
Alexandre,Lacazette
Henrikh,Mkhitaryan
Calum,Chambers
Ainsley,Maitland-Niles
Edward,Nketiah
Pierre-Emerick,Aubameyang
Joseph,Willock
Asmir,Begovic
Artur,Boruc
Steve,Cook
Nathan,Aké
Jordon,Ibe
Ryan,Fraser
Callum,Wilson
Lys,Mousset
Joshua,King
Jack,Simpson
Emerson,Hyndman
Matt,Butcher
Kyle,Taylor
Mathew,Ryan
Lewis,Dunk
Shane,Duffy
Bruno,Saltor Grau
Gaëtan,Bong
Anthony,Knockaert
Dale,Stephens
Beram,Kayal
Solomon,March
Pascal,Groß
Glenn,Murray
Markus,Suttner
Ezequiel,Schelotto
Jayson,Molumby
Jürgen,Locadia
Tom,Heaton
Matthew,Lowton
Stephen,Ward
James,Tarkowski
Kevin,Long
Charlie,Taylor
Johann Berg,Gudmundsson
Jeff,Hendrick
Ashley,Westwood
Jack,Cork
Aaron,Lennon
Phil,Bardsley
Nick,Pope
Chris,Wood
Anders,Lindegaard
Dwight,McNeil
Olivier,Giroud
Willy,Caballero
César,Azpilicueta
Gary,Cahill
Marcos,Alonso
Eden,Hazard
Willian,Borges Da Silva
Pedro,Rodríguez Ledesma
N'Golo,Kanté
Ross,Barkley
Daniel,Drinkwater
Andreas,Christensen
Davide,Zappacosta
Emerson,Palmieri dos Santos
Ruben,Loftus-Cheek
Wayne,Hennessey
Julian,Speroni
Martin,Kelly
Pape,Souaré
Patrick,van Aanholt
Wilfried,Zaha
James,McArthur
Andros,Townsend
Luka,Milivojevic
Christian,Benteke
Jairo,Riedewald
Aaron,Wan-Bissaka
Theo,Walcott
Jordan,Pickford
Leighton,Baines
Seamus,Coleman
Phil,Jagielka
Jonjoe,Kenny
Michael,Keane
Morgan,Schneiderlin
Idrissa,Gueye
Tom,Davies
Oumar,Niasse
Cenk,Tosun
Joel,Coleman
Jonas,Lössl
Christopher,Schindler
Chris,Löwe
Tommy,Smith
Jon Gorenc,Stankovic
Mathias,Jorgensen
Aaron,Mooy
Jonathan,Hogg
Philip,Billing
Collin,Quaner
Laurent,Depoitre
Steve,Mounie
Florent,Hadergjonaj
Abdelhamid,Sabiri
Terence,Kongolo
Alex,Pritchard
Ben,Hamer
Wes,Morgan
Christian,Fuchs
Danny,Simpson
Harry,Maguire
Riyad,Mahrez
Demarai,Gray
Jamie,Vardy
Kelechi,Iheanacho
Eldin,Jakupovic
Hamza,Choudhury
Harvey,Barnes
Simon,Mignolet
Dejan,Lovren
Alberto,Moreno
Nathaniel,Clyne
James,Milner
Trent,Alexander-Arnold
Jordan,Henderson
Adam,Lallana
Sadio,Mané
Georginio,Wijnaldum
Mohamed,Salah
Roberto,Firmino
Danny,Ings
Virgil,van Dijk
Andrew,Robertson
Danny,Ward
Danny,Ward
Curtis,Jones
Rafael,Camacho
Ederson,Santana de Moraes
John,Stones
Vincent,Kompany
Nicolás,Otamendi
Fabian,Delph
Raheem,Sterling
David,Silva
Fernando,Luiz Rosa
Kevin,De Bruyne
Ilkay,Gündogan
Leroy,Sané
Bernardo Mota,Veiga de Carvalho e Silva
Gabriel Fernando,de Jesus
Kyle,Walker
Danilo Luiz,da Silva
Benjamin,Mendy
Phil,Foden
Oleksandr,Zinchenko
Aymeric,Laporte
Alexis,Sánchez
Nemanja,Matic
Sergio,Romero
Chris,Smalling
Phil,Jones
Luke,Shaw
Marcos,Rojo
Antonio,Valencia
Matteo,Darmian
Victor,Lindelöf
Juan,Mata
Ashley,Young
Ander,Herrera
Jesse,Lingard
Anthony,Martial
Paul,Pogba
Scott,McTominay
Marcus,Rashford
Robert,Elliot
Karl,Darlow
Jamaal,Lascelles
Paul,Dummett
Matt,Ritchie
Jonjo,Shelvey
Mohamed,Diamé
Ayoze,Pérez
Javier,Manquillo
Jose Luis,Mato Sanmartín
Isaac,Hayden
Martin,Dubravka
Alex,McCarthy
Fraser,Forster
Ryan,Bertrand
Maya,Yoshida
Jack,Stephens
James,Ward-Prowse
Oriol,Romeu Vidal
Pierre-Emile,Højbjerg
Joshua,Sims
Nathan,Redmond
Shane,Long
Charlie,Austin
Kurt,Zouma
Lee,Grant
Xherdan,Shaqiri
Peter,Crouch
Lukasz,Fabianski
Federico,Fernández
Alfie,Mawson
Sung-yueng,Ki
Jordan,Ayew
Fernando,Llorente
Hugo,Lloris
Michel,Vorm
Toby,Alderweireld
Danny,Rose
Jan,Vertonghen
Ben,Davies
Eric,Dier
Erik,Lamela
Christian,Eriksen
Bamidele,Alli
Victor,Wanyama
Moussa,Sissoko
Harry,Kane
Kyle,Walker-Peters
Davinson,Sánchez
Paulo,Gazzaniga
Alfie,Whiteman
Lucas,Rodrigues Moura da Silva
Andre,Gray
Nathaniel,Chalobah
Heurelho,Gomes
Craig,Cathcart
Christian,Kabasele
Daryl,Janmaat
Adrian,Mariappa
Abdoulaye,Doucouré
Roberto,Pereyra
Will,Hughes
Troy,Deeney
Jerome,Sinclair
Richarlison,de Andrade
Gerard,Deulofeu
Daniel,Sturridge
Ben,Foster
Jonny,Evans
Salomón,Rondón
Marko,Arnautovic
Adrián,San Miguel del Castillo
Aaron,Cresswell
Angelo,Ogbonna
Arthur,Masuaku
Pablo,Zabaleta
Mark,Noble
Cheikhou,Kouyaté
Pedro,Obiang
Manuel,Lanzini
Joe,Hart
Declan,Rice
Ben,Johnson
Grady,Diangana
Sead,Kolasinac
Sokratis,Papastathopoulos
Mesut,Özil
Alex,Iwobi
Granit,Xhaka
Ainsley,Maitland-Niles
Danny,Welbeck
Alexandre,Lacazette
Pierre-Emerick,Aubameyang
Lucas,Torreira
Matteo,Guendouzi
Zech,Medley
Edward,Nketiah
Bukayo,Saka
Joseph,Willock
Artur,Boruc
Steve,Cook
Adam,Smith
Nathan,Aké
Jack,Simpson
Callum,Wilson
Lys,Mousset
Joshua,King
Diego,Rico
Jefferson,Lerma
Sam,Surridge
Mark,Travers
Mathew,Ryan
Lewis,Dunk
Shane,Duffy
Ezequiel,Schelotto
Dale,Stephens
Beram,Kayal
Solomon,March
Pascal,Groß
Glenn,Murray
David,Button
Bernardo,Fernandes da Silva Junior
Yves,Bissouma
Alireza,Jahanbakhsh
Martín,Montoya
Dan,Burn
Nick,Pope
James,Tarkowski
Kevin,Long
Phil,Bardsley
Johann Berg,Gudmundsson
Robbie,Brady
Ashley,Westwood
Chris,Wood
Matej,Vydra
Dwight,McNeil
Josh,Benson
Anthony,Driscoll-Glennon
Danny,Ward
Willy,Caballero
César,Azpilicueta
Marcos,Alonso
David,Luiz Moreira Marinho
Andreas,Christensen
Emerson,Palmieri dos Santos
Willian,Borges Da Silva
Pedro,Rodríguez Ledesma
Ross,Barkley
Ruben,Loftus-Cheek
Olivier,Giroud
Jorge Luiz,Frello Filho
Kepa,Arrizabalaga
Mateo,Kovacic
Wayne,Hennessey
Vicente,Guaita
Scott,Dann
Martin,Kelly
Jairo,Riedewald
Aaron,Wan-Bissaka
James,McArthur
Andros,Townsend
Luka,Milivojevic
Wilfried,Zaha
Christian,Benteke
Cheikhou,Kouyaté
Joel,Ward
Max,Meyer
Jordan,Ayew
Michy,Batshuayi
Sam,Woods
Luke,Dreher
Jordan,Pickford
Maarten,Stekelenburg
Leighton,Baines
Seamus,Coleman
Phil,Jagielka
Michael,Keane
Theo,Walcott
James,McCarthy
Tom,Davies
Gylfi,Sigurdsson
Dominic,Calvert-Lewin
Richarlison,de Andrade
Lucas,Digne
Bernard,Anício Caldeira Duarte
André Filipe,Tavares Gomes
Kurt,Zouma
Ryan,Sessegnon
Harvey,Elliott
Aaron,Mooy
Philip,Billing
Kasper,Schmeichel
Eldin,Jakupovic
Wes,Morgan
Harry,Maguire
Marc,Albrighton
Demarai,Gray
Wilfred,Ndidi
Matty,James
Hamza,Choudhury
Jamie,Vardy
Kelechi,Iheanacho
Danny,Ward
Çaglar,Söyüncü
Nampalys,Mendy
Harvey,Barnes
Youri,Tielemans
Dejan,Lovren
Joseph,Gomez
Trent,Alexander-Arnold
Virgil,van Dijk
Andrew,Robertson
Alex,Oxlade-Chamberlain
Adam,Lallana
Sadio,Mané
Georginio,Wijnaldum
Mohamed,Salah
James,Milner
Fabio Henrique,Tavares
Roberto,Firmino
Xherdan,Shaqiri
Alisson,Ramses Becker
Divock,Origi
Curtis,Jones
Riyad,Mahrez
Ederson,Santana de Moraes
John,Stones
Nicolás,Otamendi
Kyle,Walker
Benjamin,Mendy
Aymeric,Laporte
Raheem,Sterling
David,Silva
Fernando,Luiz Rosa
Kevin,De Bruyne
Ilkay,Gündogan
Bernardo Mota,Veiga de Carvalho e Silva
Phil,Foden
Oleksandr,Zinchenko
Gabriel Fernando,de Jesus
David,de Gea
Sergio,Romero
Victor,Lindelöf
José Diogo,Dalot Teixeira
Nemanja,Matic
Juan,Mata
Jesse,Lingard
Anthony,Martial
Paul,Pogba
Scott,McTominay
Frederico,Rodrigues de Paula Santos
Marcus,Rashford
Andreas,Pereira
Lee,Grant
James,Garner
Tahith,Chong
Mason,Greenwood
Karl,Darlow
Martin,Dubravka
Javier,Manquillo
Matt,Ritchie
Jonjo,Shelvey
Christian,Atsu
Isaac,Hayden
Ayoze,Pérez
Yoshinori,Muto
Federico,Fernández
Kelland,Watts
Danny,Ings
Alex,McCarthy
Ryan,Bertrand
Jack,Stephens
Jan,Bednarek
James,Ward-Prowse
Oriol,Romeu Vidal
Pierre-Emile,Højbjerg
Nathan,Redmond
Stuart,Armstrong
Shane,Long
Angus,Gunn
Jannik,Vestergaard
Matt,Targett
Yan,Valery
Hugo,Lloris
Michel,Vorm
Toby,Alderweireld
Danny,Rose
Jan,Vertonghen
Ben,Davies
Kyle,Walker-Peters
Davinson,Sánchez
Serge,Aurier
Eric,Dier
Erik,Lamela
Bamidele,Alli
Harry,Winks
Moussa,Sissoko
Lucas,Rodrigues Moura da Silva
Harry,Kane
Paulo,Gazzaniga
Alfie,Whiteman
Oliver,Skipp
Craig,Cathcart
Christian,Kabasele
Adrian,Mariappa
Francisco,Femenía Far
Adam,Masina
Nathaniel,Chalobah
Tom,Cleverley
Abdoulaye,Doucouré
Roberto,Pereyra
Will,Hughes
Andre,Gray
Troy,Deeney
Ben,Foster
Adalberto,Peñaranda
Adrián,San Miguel del Castillo
Lukasz,Fabianski
Angelo,Ogbonna
Declan,Rice
Ryan,Fredericks
Issa,Diop
Arthur,Masuaku
Mark,Noble
Manuel,Lanzini
Michail,Antonio
Jack,Wilshere
Andriy,Yarmolenko
Fabián,Balbuena
Felipe Anderson,Pereira Gomes
Conor,Coventry
Alexandre Nascimento,Costa Silva
Ben,Johnson
Nathan,Holland
John,Ruddy
Willy,Boly
Matt,Doherty
Romain,Saïss
Ryan,Bennett
Conor,Coady
Rúben Gonçalo,Silva Nascimento Vinagre
Diogo,Jota
Rúben Diogo,da Silva Neves
Raúl,Jiménez
Morgan,Gibbs-White
Rui Pedro,dos Santos Patrício
João Filipe Iria,Santos Moutinho
Jonathan,Castro Otto
Adama,Traoré
Leander,Dendoncker
Max,Kilman
Héctor,Bellerín
Ainsley,Maitland-Niles
Rob,Holding
Pierre-Emerick,Aubameyang
Alexandre,Lacazette
Edward,Nketiah
Granit,Xhaka
David,Luiz Moreira Marinho
Emiliano,Martínez
Daniel,Ceballos Fernández
Cédric,Soares
Nicolas,Pépé
Reiss,Nelson
Joseph,Willock
Kieran,Tierney
Bukayo,Saka
Neil,Taylor
Kortney,Hause
Jack,Grealish
Anwar,El Ghazi
John,McGinn
Keinan,Davis
Matt,Targett
Jed,Steer
Tyrone,Mings
Ezri,Konsa Ngoyo
Douglas Luiz,Soares de Paulo
Marvelous,Nakamba
Kaine,Hayden
Nathan,Aké
Callum,Wilson
Joshua,King
Aaron,Ramsdale
Lewis,Dunk
Mathew,Ryan
David,Button
Pascal,Groß
Alireza,Jahanbakhsh
Yves,Bissouma
Davy,Pröpper
Solomon,March
Dale,Stephens
Leandro,Trossard
Dan,Burn
Adam,Webster
Neal,Maupay
Aaron,Connolly
Tariq,Lamptey
Alexis,Mac Allister
James,Tarkowski
Phil,Bardsley
Kevin,Long
Chris,Wood
Matej,Vydra
Nick,Pope
Johann Berg,Gudmundsson
Dwight,McNeil
Robbie,Brady
Ashley,Westwood
Erik,Pieters
Jay,Rodriguez
Bailey,Peacock-Farrell
Anthony,Driscoll-Glennon
Josh,Brownhill
Jimmy,Dunne
Max,Thompson
Josh,Benson
Joel,Mumbongo
Marcos,Alonso
Antonio,Rüdiger
César,Azpilicueta
Emerson,Palmieri dos Santos
Andreas,Christensen
Olivier,Giroud
Kepa,Arrizabalaga
Willy,Caballero
Willian,Borges Da Silva
Ruben,Loftus-Cheek
Callum,Hudson-Odoi
Ross,Barkley
Jorge Luiz,Frello Filho
Christian,Pulisic
Mateo,Kovacic
Kurt,Zouma
Tammy,Abraham
Michy,Batshuayi
Mason,Mount
Reece,James
Faustino,Anjorin
Joel,Ward
Scott,Dann
Martin,Kelly
Christian,Benteke
Vicente,Guaita
Wayne,Hennessey
Wilfried,Zaha
Luka,Milivojevic
Andros,Townsend
Jeffrey,Schlupp
James,McArthur
Cheikhou,Kouyaté
James,McCarthy
Jordan,Ayew
Jairo,Riedewald
Stephen,Henderson
Tyrick,Mitchell
Alex,Iwobi
Lucas,Digne
Michael,Keane
Seamus,Coleman
Dominic,Calvert-Lewin
Jordan,Pickford
Richarlison,de Andrade
Gylfi,Sigurdsson
Bernard,Anício Caldeira Duarte
Theo,Walcott
Tom,Davies
André Filipe,Tavares Gomes
Çaglar,Söyüncü
Wes,Morgan
Jamie,Vardy
Kelechi,Iheanacho
Kasper,Schmeichel
Danny,Ward
Harvey,Barnes
Marc,Albrighton
Wilfred,Ndidi
Nampalys,Mendy
Hamza,Choudhury
Ayoze,Pérez
Youri,Tielemans
Dennis,Praet
Luke,Thomas
Andrew,Robertson
Trent,Alexander-Arnold
Virgil,van Dijk
Joseph,Gomez
Roberto,Firmino
Divock,Origi
Alisson,Ramses Becker
Mohamed,Salah
Sadio,Mané
Alex,Oxlade-Chamberlain
Xherdan,Shaqiri
Adam,Lallana
Naby,Keita
Fabio Henrique,Tavares
Georginio,Wijnaldum
James,Milner
Adrián,San Miguel del Castillo
Andy,Lonergan
Caoimhin,Kelleher
Curtis,Jones
Neco,Williams
Takumi,Minamino
Ki-Jana,Hoever
Aymeric,Laporte
Kyle,Walker
Benjamin,Mendy
Oleksandr,Zinchenko
John,Stones
Gabriel Fernando,de Jesus
Ederson,Santana de Moraes
Raheem,Sterling
Kevin,De Bruyne
Riyad,Mahrez
Bernardo Mota,Veiga de Carvalho e Silva
Phil,Foden
Fernando,Luiz Rosa
Ilkay,Gündogan
Rodrigo,Hernandez
João Pedro Cavaco,Cancelo
Eric,Garcia
Scott,Carson
Cole,Palmer
Tommy,Doyle
Aaron,Wan-Bissaka
Harry,Maguire
Victor,Lindelöf
Eric,Bailly
Marcus,Rashford
Mason,Greenwood
David,de Gea
Lee,Grant
Paul,Pogba
Anthony,Martial
Jesse,Lingard
Juan,Mata
Daniel,James
Frederico,Rodrigues de Paula Santos
Nemanja,Matic
Scott,McTominay
Brandon,Williams
Bruno Miguel,Borges Fernandes
Matt,Ritchie
Federico,Fernández
Javier,Manquillo
Martin,Dubravka
Karl,Darlow
Miguel,Almirón
Jonjo,Shelvey
Sean,Longstaff
Isaac,Hayden
Joelinton Cássio,Apolinário de Lira
Allan,Saint-Maximin
Andy,Carroll
Matthew,Longstaff
Dwight,Gayle
Ben,Godfrey
Jamal,Lewis
Lys,Mousset
Enda,Stevens
Jack,O'Connell
George,Baldock
John,Egan
John,Lundstram
Billy,Sharp
John,Fleck
Oliver,Norwood
David,McGoldrick
Chris,Basham
Phil,Jagielka
Dean,Henderson
Ben,Osborn
Oliver,McBurnie
Jack,Robinson
Sander,Berge
Jannik,Vestergaard
Ryan,Bertrand
Jan,Bednarek
Jack,Stephens
Danny,Ings
Michael,Obafemi
Alex,McCarthy
Nathan,Redmond
James,Ward-Prowse
Stuart,Armstrong
Pierre-Emile,Højbjerg
Oriol,Romeu Vidal
Kyle,Walker-Peters
Che,Adams
Daniel,N'Lundulu
Harry,Lewis
Alexandre,Jankewitz
Will,Ferry
Ben,Davies
Ben,Davies
Toby,Alderweireld
Davinson,Sánchez
Serge,Aurier
Harry,Kane
Hugo,Lloris
Heung-Min,Son
Bamidele,Alli
Lucas,Rodrigues Moura da Silva
Erik,Lamela
Harry,Winks
Moussa,Sissoko
Eric,Dier
Giovani,Lo Celso
Steven,Bergwijn
Abdoulaye,Doucouré
Craig,Dawson
Danny,Welbeck
Angelo,Ogbonna
Arthur,Masuaku
Ryan,Fredericks
Issa,Diop
Fabián,Balbuena
Ben,Johnson
Lukasz,Fabianski
Michail,Antonio
Manuel,Lanzini
Andriy,Yarmolenko
Declan,Rice
Mark,Noble
Pablo,Fornals
David,Martin
Darren,Randolph
Tomas,Soucek
Jarrod,Bowen
Conor,Coventry
Matt,Doherty
Conor,Coady
Willy,Boly
Romain,Saïss
Max,Kilman
Raúl,Jiménez
Diogo,Jota
Rui Pedro,dos Santos Patrício
John,Ruddy
Rúben Diogo,da Silva Neves
João Filipe Iria,Santos Moutinho
Morgan,Gibbs-White
Adama,Traoré
Leander,Dendoncker
Taylor,Perry
Owen,Otasowie
Luke,Cundle
Leonardo,Campana
Cédric,Soares
Alexandre,Lacazette
Bernd,Leno
Granit,Xhaka
Calum,Chambers
Rob,Holding
Nicolas,Pépé
Edward,Nketiah
Emile,Smith Rowe
Bukayo,Saka
Gabriel Teodoro,Martinelli Silva
Gabriel,Magalhães
Mohamed Naser,El Sayed Elneny
Martin,Ødegaard
Miguel,Azeez
Emiliano,Martínez
Tom,Heaton
Jack,Grealish
John,McGinn
Tyrone,Mings
Matt,Targett
Marvelous,Nakamba
Anwar,El Ghazi
Douglas Luiz,Soares de Paulo
Ross,Barkley
Matthew,Cash
Ollie,Watkins
Bertrand,Traoré
Jacob,Ramsey
Morgan,Sanson
Kaine,Hayden
Carney,Chukwuemeka
Adam,Lallana
Pascal,Groß
Dan,Burn
Lewis,Dunk
Solomon,March
Adam,Webster
Joël,Veltman
Neal,Maupay
Leandro,Trossard
Ben,White
Yves,Bissouma
Tariq,Lamptey
Steven,Alzate
Alexis,Mac Allister
Jason,Steele
Danny,Welbeck
Robert,Sánchez
Thomas,McGill
Moisés,Caicedo
Dale,Stephens
James,Tarkowski
Phil,Bardsley
Jack,Cork
Kevin,Long
Ashley,Barnes
Nick,Pope
Charlie,Taylor
Josh,Brownhill
Dwight,McNeil
Will,Norris
Lewis,Richardson
Anthony,Mancini
Willy,Caballero
César,Azpilicueta
Marcos,Alonso
Jorge Luiz,Frello Filho
Antonio,Rüdiger
Kurt,Zouma
Kepa,Arrizabalaga
N'Golo,Kanté
Hakim,Ziyech
Christian,Pulisic
Mason,Mount
Reece,James
Kai,Havertz
Edouard,Mendy
Wayne,Hennessey
Vicente,Guaita
Christian,Benteke
Cheikhou,Kouyaté
Joel,Ward
Martin,Kelly
Luka,Milivojevic
Jordan,Ayew
Wilfried,Zaha
Jeffrey,Schlupp
Jairo,Riedewald
Tyrick,Mitchell
Nathaniel,Clyne
Jack,Butland
Jean-Philippe,Mateta
Reece,Hannam
Jesurun,Rak-Sakyi
Seamus,Coleman
Lucas,Digne
Michael,Keane
Jordan,Pickford
André Filipe,Tavares Gomes
Alex,Iwobi
Tom,Davies
Dominic,Calvert-Lewin
Mason,Holgate
Richarlison,de Andrade
Allan,Marques Loureiro
Abdoulaye,Doucouré
Ben,Godfrey
Robin,Olsen
Tyler,Onyango
Joshua,King
Harry,Tyrer
Reece,Welch
Isaac,Price
Ruben,Loftus-Cheek
Alphonse,Areola
Ademola,Lookman
Joachim,Andersen
Kasper,Schmeichel
Jonny,Evans
Marc,Albrighton
Danny,Ward
Jamie,Vardy
Ricardo Domingos,Barbosa Pereira
Daniel,Amartey
Ayoze,Pérez
James,Maddison
Kelechi,Iheanacho
Hamza,Choudhury
Harvey,Barnes
Çaglar,Söyüncü
Luke,Thomas
Timothy,Castagne
Nampalys,Mendy
Wesley,Fofana
Liam,Cooper
Mateusz,Klich
Jack,Harrison
Kalvin,Phillips
Jamie,Shackleton
Pascal,Struijk
Illan,Meslier
Robin,Koch
Rodrigo,Moreno
Diego,Llorente
Raphael,Dias Belloli
Jack,Jenkins
Charlie,Cresswell
Joe,Gelhardt
Sam,Greenwood
James,Milner
Konstantinos,Tsimikas
Jordan,Henderson
Adrián,San Miguel del Castillo
Joel,Matip
Alex,Oxlade-Chamberlain
Roberto,Firmino
Sadio,Mané
Alisson,Ramses Becker
Andrew,Robertson
Divock,Origi
Trent,Alexander-Arnold
Naby,Keita
Curtis,Jones
Diogo,Jota
Thiago,Alcántara do Nascimento
Caoimhin,Kelleher
Ben,Davies
Fernando,Luiz Rosa
Ilkay,Gündogan
Kevin,De Bruyne
Riyad,Mahrez
Raheem,Sterling
João Pedro Cavaco,Cancelo
Ederson,Santana de Moraes
Nathan,Aké
Aymeric,Laporte
Bernardo Mota,Veiga de Carvalho e Silva
Gabriel Fernando,de Jesus
Oleksandr,Zinchenko
Phil,Foden
Rodrigo,Hernandez
Zack,Steffen
Liam,Delap
Cole,Palmer
Scott,Carson
Luke,Mbete
Juan,Mata
David,de Gea
Nemanja,Matic
Harry,Maguire
Frederico,Rodrigues de Paula Santos
Bruno Miguel,Borges Fernandes
Dean,Henderson
Marcus,Rashford
Victor,Lindelöf
Scott,McTominay
Aaron,Wan-Bissaka
Brandon,Williams
Donny,van de Beek
Alex Nicolao,Telles
Edinson,Cavani
Shola,Shoretire
Anthony,Elanga
Hannibal,Mejbri
Matt,Ritchie
Federico,Fernández
Karl,Darlow
Martin,Dubravka
Jamaal,Lascelles
Dwight,Gayle
Paul,Dummett
Emil,Krafth
Allan,Saint-Maximin
Miguel,Almirón
Joelinton Cássio,Apolinário de Lira
Sean,Longstaff
Mark,Gillespie
Jacob,Murphy
Callum,Wilson
Aaron,Ramsdale
Theo,Walcott
Takumi,Minamino
Alex,McCarthy
Oriol,Romeu Vidal
Nathan,Redmond
Danny,Ings
Jack,Stephens
Stuart,Armstrong
Jannik,Vestergaard
James,Ward-Prowse
Kyle,Walker-Peters
Jan,Bednarek
Che,Adams
Moussa,Djenepo
Mohammed,Salisu
Nathan,Tella
Ibrahima,Diallo
Kgaogelo,Chauke
Harry,Lewis
Hugo,Lloris
Moussa,Sissoko
Harry,Kane
Heung-Min,Son
Eric,Dier
Lucas,Rodrigues Moura da Silva
Bamidele,Alli
Ben,Davies
Pierre-Emile,Højbjerg
Harry,Winks
Davinson,Sánchez
Steven,Bergwijn
Joe,Rodon
Alfie,Devine
Dane,Scarlett
Conor,Gallagher
Andy,Lonergan
Tim,Iroegbunam
Jesse,Lingard
Mark,Noble
Darren,Randolph
Lukasz,Fabianski
Aaron,Cresswell
Andriy,Yarmolenko
Michail,Antonio
Ryan,Fredericks
Manuel,Lanzini
Arthur,Masuaku
Jarrod,Bowen
Declan,Rice
Tomas,Soucek
Pablo,Fornals
Ben,Johnson
Vladimir,Coufal
Craig,Dawson
Jamal,Baptiste
John,Ruddy
João Filipe Iria,Santos Moutinho
Willy,Boly
Conor,Coady
Raúl,Jiménez
Leander,Dendoncker
Rúben Diogo,da Silva Neves
Fabio,Silva
Fernando,Marçal
Ki-Jana,Hoever
Rayan,Ait Nouri
Luke,Cundle
Hugo,Bueno
